Workbook

Sheet GPA Calculator & Simulator (4Y)
C3: Summary | F3: GPA Calculator - حاسبة المعدل التراكمي | L3: ملخص عام
C4: Total Credit Hours | D4: =F22+L22+F39+L39+F56+L56+F73+L73 -> 0 | F4: Made with ❤️ for Faculty Students by | L4: =F22+L22+F39+L39+F56+L56+F73+L73 -> 0 | M4: إجمالي عدد الساعات
C5: Cumulative GPA of All Years | D5: =IFERROR( (IF(ISNUMBER(F22*F23), F22*F23, 0) + IF(ISNUMBER(L22*L23), L22*L23, 0) + IF(ISNUMBER(F39*F40), F39*F40, 0) + IF(ISNUMBER(L39*L40), L39*L40, 0) + IF(ISNUMBER(F56*F57), F56*F57, 0) + IF(ISNUMBER(L56*L57), L56*L57, 0) + IF(ISNUMBER(F73*F74), F73*F74, 0) + IF(ISNUMBER(L73*L74), L73*L74, 0)) / (IF(ISNUMBER(F22), F22, 0) + IF(ISNUMBER(L22), L22, 0) + IF(ISNUMBER(F39), F39, 0) + IF(ISNUMBER(L39), L39, 0) + IF(ISNUMBER(F56), F56, 0) + IF(ISNUMBER(L56), L56, 0) + IF(ISNUMBER(F73), F73, 0) + IF(ISNUMBER(L73), L73, 0)), 0) -> 0 | L5: =IFERROR( (IF(ISNUMBER(F22*F23), F22*F23, 0) + IF(ISNUMBER(L22*L23), L22*L23, 0) + IF(ISNUMBER(F39*F40), F39*F40, 0) + IF(ISNUMBER(L39*L40), L39*L40, 0) + IF(ISNUMBER(F56*F57), F56*F57, 0) + IF(ISNUMBER(L56*L57), L56*L57, 0) + IF(ISNUMBER(F73*F74), F73*F74, 0) + IF(ISNUMBER(L73*L74), L73*L74, 0)) / (IF(ISNUMBER(F22), F22, 0) + IF(ISNUMBER(L22), L22, 0) + IF(ISNUMBER(F39), F39, 0) + IF(ISNUMBER(L39), L39, 0) + IF(ISNUMBER(F56), F56, 0) + IF(ISNUMBER(L56), L56, 0) + IF(ISNUMBER(F73), F73, 0) + IF(ISNUMBER(L73), L73, 0)), 0) -> 0 | M5: المعدل التراكمي العام
B8: Year 1
C10: Term 1 | I10: Term 2
C11: Course | D11: Credits | E11: Grade | F11: Point | G11: Total | I11: Course | J11: Credits | K11: Grade | L11: Point | M11: Total
F12: =IF(E12="", "", VLOOKUP(E12, GradingTable!$A$2:$B$14, 2, FALSE)) | G12: =IF(AND(ISNUMBER(D12),ISNUMBER(F12)),D12*F12,"") | L12: =IF(K12="", "", VLOOKUP(K12, GradingTable!$A$2:$B$14, 2, FALSE)) | M12: =IF(AND(ISNUMBER(J12),ISNUMBER(L12)),J12*L12,"")
F13: =IF(E13="", "", VLOOKUP(E13, GradingTable!$A$2:$B$14, 2, FALSE)) | G13: =IF(AND(ISNUMBER(D13),ISNUMBER(F13)),D13*F13,"") | L13: =IF(K13="", "", VLOOKUP(K13, GradingTable!$A$2:$B$14, 2, FALSE)) | M13: =IF(AND(ISNUMBER(J13),ISNUMBER(L13)),J13*L13,"")
F14: =IF(E14="", "", VLOOKUP(E14, GradingTable!$A$2:$B$14, 2, FALSE)) | G14: =IF(AND(ISNUMBER(D14),ISNUMBER(F14)),D14*F14,"") | L14: =IF(K14="", "", VLOOKUP(K14, GradingTable!$A$2:$B$14, 2, FALSE)) | M14: =IF(AND(ISNUMBER(J14),ISNUMBER(L14)),J14*L14,"") | O14: Year 1 Hours
F15: =IF(E15="", "", VLOOKUP(E15, GradingTable!$A$2:$B$14, 2, FALSE)) | G15: =IF(AND(ISNUMBER(D15),ISNUMBER(F15)),D15*F15,"") | L15: =IF(K15="", "", VLOOKUP(K15, GradingTable!$A$2:$B$14, 2, FALSE)) | M15: =IF(AND(ISNUMBER(J15),ISNUMBER(L15)),J15*L15,"") | O15: =SUM(F22+L22) -> 0
F16: =IF(E16="", "", VLOOKUP(E16, GradingTable!$A$2:$B$14, 2, FALSE)) | G16: =IF(AND(ISNUMBER(D16),ISNUMBER(F16)),D16*F16,"") | L16: =IF(K16="", "", VLOOKUP(K16, GradingTable!$A$2:$B$14, 2, FALSE)) | M16: =IF(AND(ISNUMBER(J16),ISNUMBER(L16)),J16*L16,"")
F17: =IF(E17="", "", VLOOKUP(E17, GradingTable!$A$2:$B$14, 2, FALSE)) | G17: =IF(AND(ISNUMBER(D17),ISNUMBER(F17)),D17*F17,"") | L17: =IF(K17="", "", VLOOKUP(K17, GradingTable!$A$2:$B$14, 2, FALSE)) | M17: =IF(AND(ISNUMBER(J17),ISNUMBER(L17)),J17*L17,"") | O17: Year 1 cGPA
F18: =IF(E18="", "", VLOOKUP(E18, GradingTable!$A$2:$B$14, 2, FALSE)) | G18: =IF(AND(ISNUMBER(D18),ISNUMBER(F18)),D18*F18,"") | L18: =IF(K18="", "", VLOOKUP(K18, GradingTable!$A$2:$B$14, 2, FALSE)) | M18: =IF(AND(ISNUMBER(J18),ISNUMBER(L18)),J18*L18,"") | O18: =IFERROR( (IF(ISNUMBER(F22*F23), F22*F23, 0) + IF(ISNUMBER(L22*L23), L22*L23, 0)) / (IF(ISNUMBER(F22), F22, 0) + IF(ISNUMBER(L22), L22, 0)), 0) -> 0
F19: =IF(E19="", "", VLOOKUP(E19, GradingTable!$A$2:$B$14, 2, FALSE)) | G19: =IF(AND(ISNUMBER(D19),ISNUMBER(F19)),D19*F19,"") | L19: =IF(K19="", "", VLOOKUP(K19, GradingTable!$A$2:$B$14, 2, FALSE)) | M19: =IF(AND(ISNUMBER(J19),ISNUMBER(L19)),J19*L19,"")
F20: =IF(E20="", "", VLOOKUP(E20, GradingTable!$A$2:$B$14, 2, FALSE)) | G20: =IF(AND(ISNUMBER(D20),ISNUMBER(F20)),D20*F20,"") | L20: =IF(K20="", "", VLOOKUP(K20, GradingTable!$A$2:$B$14, 2, FALSE)) | M20: =IF(AND(ISNUMBER(J20),ISNUMBER(L20)),J20*L20,"")
D22: Total Term Hours | F22: =SUM(D12:D21) -> 0 | J22: Total Term Hours | L22: =SUM(J12:J21) -> 0
D23: Term GPA | F23: =IF(F22=0, "", SUM(G12:G21)/F22) | J23: Term GPA | L23: =IF(L22=0, "", SUM(M12:M21)/L22)
B25: Year 2
C27: Term 3 | I27: Term 4
C28: Course | D28: Credits | E28: Grade | F28: Point | G28: Total | I28: Course | J28: Credits | K28: Grade | L28: Point | M28: Total
F29: =IF(E29="", "", VLOOKUP(E29, GradingTable!$A$2:$B$14, 2, FALSE)) | G29: =IF(AND(ISNUMBER(D29),ISNUMBER(F29)),D29*F29,"") | L29: =IF(K29="", "", VLOOKUP(K29, GradingTable!$A$2:$B$14, 2, FALSE)) | M29: =IF(AND(ISNUMBER(J29),ISNUMBER(L29)),J29*L29,"")
F30: =IF(E30="", "", VLOOKUP(E30, GradingTable!$A$2:$B$14, 2, FALSE)) | G30: =IF(AND(ISNUMBER(D30),ISNUMBER(F30)),D30*F30,"") | L30: =IF(K30="", "", VLOOKUP(K30, GradingTable!$A$2:$B$14, 2, FALSE)) | M30: =IF(AND(ISNUMBER(J30),ISNUMBER(L30)),J30*L30,"")
F31: =IF(E31="", "", VLOOKUP(E31, GradingTable!$A$2:$B$14, 2, FALSE)) | G31: =IF(AND(ISNUMBER(D31),ISNUMBER(F31)),D31*F31,"") | L31: =IF(K31="", "", VLOOKUP(K31, GradingTable!$A$2:$B$14, 2, FALSE)) | M31: =IF(AND(ISNUMBER(J31),ISNUMBER(L31)),J31*L31,"") | O31: Year 2 Hours
F32: =IF(E32="", "", VLOOKUP(E32, GradingTable!$A$2:$B$14, 2, FALSE)) | G32: =IF(AND(ISNUMBER(D32),ISNUMBER(F32)),D32*F32,"") | L32: =IF(K32="", "", VLOOKUP(K32, GradingTable!$A$2:$B$14, 2, FALSE)) | M32: =IF(AND(ISNUMBER(J32),ISNUMBER(L32)),J32*L32,"") | O32: =SUM(F39+L39) -> 0
F33: =IF(E33="", "", VLOOKUP(E33, GradingTable!$A$2:$B$14, 2, FALSE)) | G33: =IF(AND(ISNUMBER(D33),ISNUMBER(F33)),D33*F33,"") | L33: =IF(K33="", "", VLOOKUP(K33, GradingTable!$A$2:$B$14, 2, FALSE)) | M33: =IF(AND(ISNUMBER(J33),ISNUMBER(L33)),J33*L33,"")
F34: =IF(E34="", "", VLOOKUP(E34, GradingTable!$A$2:$B$14, 2, FALSE)) | G34: =IF(AND(ISNUMBER(D34),ISNUMBER(F34)),D34*F34,"") | L34: =IF(K34="", "", VLOOKUP(K34, GradingTable!$A$2:$B$14, 2, FALSE)) | M34: =IF(AND(ISNUMBER(J34),ISNUMBER(L34)),J34*L34,"") | O34: Year 2 cGPA
F35: =IF(E35="", "", VLOOKUP(E35, GradingTable!$A$2:$B$14, 2, FALSE)) | G35: =IF(AND(ISNUMBER(D35),ISNUMBER(F35)),D35*F35,"") | L35: =IF(K35="", "", VLOOKUP(K35, GradingTable!$A$2:$B$14, 2, FALSE)) | M35: =IF(AND(ISNUMBER(J35),ISNUMBER(L35)),J35*L35,"") | O35: =IFERROR( (IF(ISNUMBER(F39*F40), F39*F40, 0) + IF(ISNUMBER(L39*L40), L39*L40, 0)) / (IF(ISNUMBER(F39), F39, 0) + IF(ISNUMBER(L39), L39, 0)), 0) -> 0
F36: =IF(E36="", "", VLOOKUP(E36, GradingTable!$A$2:$B$14, 2, FALSE)) | G36: =IF(AND(ISNUMBER(D36),ISNUMBER(F36)),D36*F36,"") | L36: =IF(K36="", "", VLOOKUP(K36, GradingTable!$A$2:$B$14, 2, FALSE)) | M36: =IF(AND(ISNUMBER(J36),ISNUMBER(L36)),J36*L36,"")
F37: =IF(E37="", "", VLOOKUP(E37, GradingTable!$A$2:$B$14, 2, FALSE)) | G37: =IF(AND(ISNUMBER(D37),ISNUMBER(F37)),D37*F37,"") | L37: =IF(K37="", "", VLOOKUP(K37, GradingTable!$A$2:$B$14, 2, FALSE)) | M37: =IF(AND(ISNUMBER(J37),ISNUMBER(L37)),J37*L37,"")
D39: Total Term Hours | F39: =SUM(D29:D38) -> 0 | J39: Total Term Hours | L39: =SUM(J29:J38) -> 0
D40: Term GPA | F40: =IF(F39=0, "", SUM(G29:G38)/F39) | J40: Term GPA | L40: =IF(L39=0, "", SUM(M29:M38)/L39)
B42: Year 3
C44: Term 5 | I44: Term 6
C45: Course | D45: Credits | E45: Grade | F45: Point | G45: Total | I45: Course | J45: Credits | K45: Grade | L45: Point | M45: Total
F46: =IF(E46="", "", VLOOKUP(E46, GradingTable!$A$2:$B$14, 2, FALSE)) | G46: =IF(AND(ISNUMBER(D46),ISNUMBER(F46)),D46*F46,"") | L46: =IF(K46="", "", VLOOKUP(K46, GradingTable!$A$2:$B$14, 2, FALSE)) | M46: =IF(AND(ISNUMBER(J46),ISNUMBER(L46)),J46*L46,"")
F47: =IF(E47="", "", VLOOKUP(E47, GradingTable!$A$2:$B$14, 2, FALSE)) | G47: =IF(AND(ISNUMBER(D47),ISNUMBER(F47)),D47*F47,"") | L47: =IF(K47="", "", VLOOKUP(K47, GradingTable!$A$2:$B$14, 2, FALSE)) | M47: =IF(AND(ISNUMBER(J47),ISNUMBER(L47)),J47*L47,"")
F48: =IF(E48="", "", VLOOKUP(E48, GradingTable!$A$2:$B$14, 2, FALSE)) | G48: =IF(AND(ISNUMBER(D48),ISNUMBER(F48)),D48*F48,"") | L48: =IF(K48="", "", VLOOKUP(K48, GradingTable!$A$2:$B$14, 2, FALSE)) | M48: =IF(AND(ISNUMBER(J48),ISNUMBER(L48)),J48*L48,"") | O48: Year 3 Hours
F49: =IF(E49="", "", VLOOKUP(E49, GradingTable!$A$2:$B$14, 2, FALSE)) | G49: =IF(AND(ISNUMBER(D49),ISNUMBER(F49)),D49*F49,"") | L49: =IF(K49="", "", VLOOKUP(K49, GradingTable!$A$2:$B$14, 2, FALSE)) | M49: =IF(AND(ISNUMBER(J49),ISNUMBER(L49)),J49*L49,"") | O49: =SUM(F56+L56) -> 0
F50: =IF(E50="", "", VLOOKUP(E50, GradingTable!$A$2:$B$14, 2, FALSE)) | G50: =IF(AND(ISNUMBER(D50),ISNUMBER(F50)),D50*F50,"") | L50: =IF(K50="", "", VLOOKUP(K50, GradingTable!$A$2:$B$14, 2, FALSE)) | M50: =IF(AND(ISNUMBER(J50),ISNUMBER(L50)),J50*L50,"")
F51: =IF(E51="", "", VLOOKUP(E51, GradingTable!$A$2:$B$14, 2, FALSE)) | G51: =IF(AND(ISNUMBER(D51),ISNUMBER(F51)),D51*F51,"") | L51: =IF(K51="", "", VLOOKUP(K51, GradingTable!$A$2:$B$14, 2, FALSE)) | M51: =IF(AND(ISNUMBER(J51),ISNUMBER(L51)),J51*L51,"") | O51: Year 3 cGPA
F52: =IF(E52="", "", VLOOKUP(E52, GradingTable!$A$2:$B$14, 2, FALSE)) | G52: =IF(AND(ISNUMBER(D52),ISNUMBER(F52)),D52*F52,"") | L52: =IF(K52="", "", VLOOKUP(K52, GradingTable!$A$2:$B$14, 2, FALSE)) | M52: =IF(AND(ISNUMBER(J52),ISNUMBER(L52)),J52*L52,"") | O52: =IFERROR( (IF(ISNUMBER(F56*F57), F56*F57, 0) + IF(ISNUMBER(L56*L57), L56*L57, 0)) / (IF(ISNUMBER(F56), F56, 0) + IF(ISNUMBER(L56), L56, 0)), 0) -> 0
F53: =IF(E53="", "", VLOOKUP(E53, GradingTable!$A$2:$B$14, 2, FALSE)) | G53: =IF(AND(ISNUMBER(D53),ISNUMBER(F53)),D53*F53,"") | L53: =IF(K53="", "", VLOOKUP(K53, GradingTable!$A$2:$B$14, 2, FALSE)) | M53: =IF(AND(ISNUMBER(J53),ISNUMBER(L53)),J53*L53,"")
F54: =IF(E54="", "", VLOOKUP(E54, GradingTable!$A$2:$B$14, 2, FALSE)) | G54: =IF(AND(ISNUMBER(D54),ISNUMBER(F54)),D54*F54,"") | L54: =IF(K54="", "", VLOOKUP(K54, GradingTable!$A$2:$B$14, 2, FALSE)) | M54: =IF(AND(ISNUMBER(J54),ISNUMBER(L54)),J54*L54,"")
D56: Total Term Hours | F56: =SUM(D46:D55) -> 0 | J56: Total Term Hours | L56: =SUM(J46:J55) -> 0
D57: Term GPA | F57: =IF(F56=0, "", SUM(G46:G55)/F56) | J57: Term GPA | L57: =IF(L56=0, "", SUM(M46:M55)/L56)
B59: Year 4
C61: Term 7 | I61: Term 8
C62: Course | D62: Credits | E62: Grade | F62: Point | G62: Total | I62: Course | J62: Credits | K62: Grade | L62: Point | M62: Total
F63: =IF(E63="", "", VLOOKUP(E63, GradingTable!$A$2:$B$14, 2, FALSE)) | G63: =IF(AND(ISNUMBER(D63),ISNUMBER(F63)),D63*F63,"") | L63: =IF(K63="", "", VLOOKUP(K63, GradingTable!$A$2:$B$14, 2, FALSE)) | M63: =IF(AND(ISNUMBER(J63),ISNUMBER(L63)),J63*L63,"")
F64: =IF(E64="", "", VLOOKUP(E64, GradingTable!$A$2:$B$14, 2, FALSE)) | G64: =IF(AND(ISNUMBER(D64),ISNUMBER(F64)),D64*F64,"") | L64: =IF(K64="", "", VLOOKUP(K64, GradingTable!$A$2:$B$14, 2, FALSE)) | M64: =IF(AND(ISNUMBER(J64),ISNUMBER(L64)),J64*L64,"")
F65: =IF(E65="", "", VLOOKUP(E65, GradingTable!$A$2:$B$14, 2, FALSE)) | G65: =IF(AND(ISNUMBER(D65),ISNUMBER(F65)),D65*F65,"") | L65: =IF(K65="", "", VLOOKUP(K65, GradingTable!$A$2:$B$14, 2, FALSE)) | M65: =IF(AND(ISNUMBER(J65),ISNUMBER(L65)),J65*L65,"") | O65: Year 4 Hours
F66: =IF(E66="", "", VLOOKUP(E66, GradingTable!$A$2:$B$14, 2, FALSE)) | G66: =IF(AND(ISNUMBER(D66),ISNUMBER(F66)),D66*F66,"") | L66: =IF(K66="", "", VLOOKUP(K66, GradingTable!$A$2:$B$14, 2, FALSE)) | M66: =IF(AND(ISNUMBER(J66),ISNUMBER(L66)),J66*L66,"") | O66: =SUM(F73+L73) -> 0
F67: =IF(E67="", "", VLOOKUP(E67, GradingTable!$A$2:$B$14, 2, FALSE)) | G67: =IF(AND(ISNUMBER(D67),ISNUMBER(F67)),D67*F67,"") | L67: =IF(K67="", "", VLOOKUP(K67, GradingTable!$A$2:$B$14, 2, FALSE)) | M67: =IF(AND(ISNUMBER(J67),ISNUMBER(L67)),J67*L67,"")
F68: =IF(E68="", "", VLOOKUP(E68, GradingTable!$A$2:$B$14, 2, FALSE)) | G68: =IF(AND(ISNUMBER(D68),ISNUMBER(F68)),D68*F68,"") | L68: =IF(K68="", "", VLOOKUP(K68, GradingTable!$A$2:$B$14, 2, FALSE)) | M68: =IF(AND(ISNUMBER(J68),ISNUMBER(L68)),J68*L68,"") | O68: Year 4 cGPA
F69: =IF(E69="", "", VLOOKUP(E69, GradingTable!$A$2:$B$14, 2, FALSE)) | G69: =IF(AND(ISNUMBER(D69),ISNUMBER(F69)),D69*F69,"") | L69: =IF(K69="", "", VLOOKUP(K69, GradingTable!$A$2:$B$14, 2, FALSE)) | M69: =IF(AND(ISNUMBER(J69),ISNUMBER(L69)),J69*L69,"") | O69: =IFERROR( (IF(ISNUMBER(F73*F74), F73*F74, 0) + IF(ISNUMBER(L73*L74), L73*L74, 0)) / (IF(ISNUMBER(F73), F73, 0) + IF(ISNUMBER(L73), L73, 0)), 0) -> 0
F70: =IF(E70="", "", VLOOKUP(E70, GradingTable!$A$2:$B$14, 2, FALSE)) | G70: =IF(AND(ISNUMBER(D70),ISNUMBER(F70)),D70*F70,"") | L70: =IF(K70="", "", VLOOKUP(K70, GradingTable!$A$2:$B$14, 2, FALSE)) | M70: =IF(AND(ISNUMBER(J70),ISNUMBER(L70)),J70*L70,"")
F71: =IF(E71="", "", VLOOKUP(E71, GradingTable!$A$2:$B$14, 2, FALSE)) | G71: =IF(AND(ISNUMBER(D71),ISNUMBER(F71)),D71*F71,"") | L71: =IF(K71="", "", VLOOKUP(K71, GradingTable!$A$2:$B$14, 2, FALSE)) | M71: =IF(AND(ISNUMBER(J71),ISNUMBER(L71)),J71*L71,"")
D73: Total Term Hours | F73: =SUM(D63:D72) -> 0 | J73: Total Term Hours | L73: =SUM(J63:J72) -> 0
D74: Term GPA | F74: =IF(F73=0, "", SUM(G63:G72)/F73) | J74: Term GPA | L74: =IF(L73=0, "", SUM(M63:M72)/L73)

Sheet GPA Calculator & Simulator (5Y)
C3: Summary | F3: GPA Calculator - حاسبة المعدل التراكمي | L3: ملخص عام
C4: Total Credit Hours | D4: =F22+L22+F39+L39+F56+L56+F73+L73+F90+L90 -> 8 | F4: Made with ❤️ for Faculty Students by | L4: =F22+L22+F39+L39+F56+L56+F73+L73+F90+L90 -> 8 | M4: إجمالي عدد الساعات
C5: Cumulative GPA of All Years | D5: =IFERROR( (IF(ISNUMBER(F22*F23), F22*F23, 0) + IF(ISNUMBER(L22*L23), L22*L23, 0) + IF(ISNUMBER(F39*F40), F39*F40, 0) + IF(ISNUMBER(L39*L40), L39*L40, 0) + IF(ISNUMBER(F56*F57), F56*F57, 0) + IF(ISNUMBER(L56*L57), L56*L57, 0) + IF(ISNUMBER(F73*F74), F73*F74, 0) + IF(ISNUMBER(L73*L74), L73*L74, 0) + IF(ISNUMBER(F90*F91), F90*F91, 0) + IF(ISNUMBER(L90*L91), L90*L91, 0)) / (IF(ISNUMBER(F22), F22, 0) + IF(ISNUMBER(L22), L22, 0) + IF(ISNUMBER(F39), F39, 0) + IF(ISNUMBER(L39), L39, 0) + IF(ISNUMBER(F56), F56, 0) + IF(ISNUMBER(L56), L56, 0) + IF(ISNUMBER(F73), F73, 0) + IF(ISNUMBER(L73), L73, 0) + IF(ISNUMBER(F90), F90, 0) + IF(ISNUMBER(L90), L90, 0)), 0) -> 3.825 | L5: =IFERROR( (IF(ISNUMBER(F22*F23), F22*F23, 0) + IF(ISNUMBER(L22*L23), L22*L23, 0) + IF(ISNUMBER(F39*F40), F39*F40, 0) + IF(ISNUMBER(L39*L40), L39*L40, 0) + IF(ISNUMBER(F56*F57), F56*F57, 0) + IF(ISNUMBER(L56*L57), L56*L57, 0) + IF(ISNUMBER(F73*F74), F73*F74, 0) + IF(ISNUMBER(L73*L74), L73*L74, 0) + IF(ISNUMBER(F90*F91), F90*F91, 0) + IF(ISNUMBER(L90*L91), L90*L91, 0)) / (IF(ISNUMBER(F22), F22, 0) + IF(ISNUMBER(L22), L22, 0) + IF(ISNUMBER(F39), F39, 0) + IF(ISNUMBER(L39), L39, 0) + IF(ISNUMBER(F56), F56, 0) + IF(ISNUMBER(L56), L56, 0) + IF(ISNUMBER(F73), F73, 0) + IF(ISNUMBER(L73), L73, 0) + IF(ISNUMBER(F90), F90, 0) + IF(ISNUMBER(L90), L90, 0)), 0) -> 3.825 | M5: المعدل التراكمي العام
B8: Year 1
C10: Term 1 | I10: Term 2
C11: Course | D11: Credits | E11: Grade | F11: Point | G11: Total | I11: Course | J11: Credits | K11: Grade | L11: Point | M11: Total
C12: Course1 | D12: 3 | E12: A | F12: =IF(E12="", "", VLOOKUP(E12, GradingTable!$A$2:$B$14, 2, FALSE)) -> 4 | G12: =IF(AND(ISNUMBER(D12),ISNUMBER(F12)),D12*F12,"") -> 12 | I12: Course1 | J12: 3 | K12: A | L12: =IF(K12="", "", VLOOKUP(K12, GradingTable!$A$2:$B$14, 2, FALSE)) -> 4 | M12: =IF(AND(ISNUMBER(J12),ISNUMBER(L12)),J12*L12,"") -> 12
C13: Course2 | D13: 2 | E13: B+ | F13: =IF(E13="", "", VLOOKUP(E13, GradingTable!$A$2:$B$14, 2, FALSE)) -> 3.3 | G13: =IF(AND(ISNUMBER(D13),ISNUMBER(F13)),D13*F13,"") -> 6.6 | L13: =IF(K13="", "", VLOOKUP(K13, GradingTable!$A$2:$B$14, 2, FALSE)) | M13: =IF(AND(ISNUMBER(J13),ISNUMBER(L13)),J13*L13,"")
F14: =IF(E14="", "", VLOOKUP(E14, GradingTable!$A$2:$B$14, 2, FALSE)) | G14: =IF(AND(ISNUMBER(D14),ISNUMBER(F14)),D14*F14,"") | L14: =IF(K14="", "", VLOOKUP(K14, GradingTable!$A$2:$B$14, 2, FALSE)) | M14: =IF(AND(ISNUMBER(J14),ISNUMBER(L14)),J14*L14,"") | O14: Year 1 Hours
F15: =IF(E15="", "", VLOOKUP(E15, GradingTable!$A$2:$B$14, 2, FALSE)) | G15: =IF(AND(ISNUMBER(D15),ISNUMBER(F15)),D15*F15,"") | L15: =IF(K15="", "", VLOOKUP(K15, GradingTable!$A$2:$B$14, 2, FALSE)) | M15: =IF(AND(ISNUMBER(J15),ISNUMBER(L15)),J15*L15,"") | O15: =SUM(F22+L22) -> 8
F16: =IF(E16="", "", VLOOKUP(E16, GradingTable!$A$2:$B$14, 2, FALSE)) | G16: =IF(AND(ISNUMBER(D16),ISNUMBER(F16)),D16*F16,"") | L16: =IF(K16="", "", VLOOKUP(K16, GradingTable!$A$2:$B$14, 2, FALSE)) | M16: =IF(AND(ISNUMBER(J16),ISNUMBER(L16)),J16*L16,"")
F17: =IF(E17="", "", VLOOKUP(E17, GradingTable!$A$2:$B$14, 2, FALSE)) | G17: =IF(AND(ISNUMBER(D17),ISNUMBER(F17)),D17*F17,"") | L17: =IF(K17="", "", VLOOKUP(K17, GradingTable!$A$2:$B$14, 2, FALSE)) | M17: =IF(AND(ISNUMBER(J17),ISNUMBER(L17)),J17*L17,"") | O17: Year 1 cGPA
F18: =IF(E18="", "", VLOOKUP(E18, GradingTable!$A$2:$B$14, 2, FALSE)) | G18: =IF(AND(ISNUMBER(D18),ISNUMBER(F18)),D18*F18,"") | L18: =IF(K18="", "", VLOOKUP(K18, GradingTable!$A$2:$B$14, 2, FALSE)) | M18: =IF(AND(ISNUMBER(J18),ISNUMBER(L18)),J18*L18,"") | O18: =IFERROR( (IF(ISNUMBER(F22*F23), F22*F23, 0) + IF(ISNUMBER(L22*L23), L22*L23, 0)) / (IF(ISNUMBER(F22), F22, 0) + IF(ISNUMBER(L22), L22, 0)), 0) -> 3.825
F19: =IF(E19="", "", VLOOKUP(E19, GradingTable!$A$2:$B$14, 2, FALSE)) | G19: =IF(AND(ISNUMBER(D19),ISNUMBER(F19)),D19*F19,"") | L19: =IF(K19="", "", VLOOKUP(K19, GradingTable!$A$2:$B$14, 2, FALSE)) | M19: =IF(AND(ISNUMBER(J19),ISNUMBER(L19)),J19*L19,"")
F20: =IF(E20="", "", VLOOKUP(E20, GradingTable!$A$2:$B$14, 2, FALSE)) | G20: =IF(AND(ISNUMBER(D20),ISNUMBER(F20)),D20*F20,"") | L20: =IF(K20="", "", VLOOKUP(K20, GradingTable!$A$2:$B$14, 2, FALSE)) | M20: =IF(AND(ISNUMBER(J20),ISNUMBER(L20)),J20*L20,"")
D22: Total Term Hours | F22: =SUM(D12:D21) -> 5 | J22: Total Term Hours | L22: =SUM(J12:J21) -> 3
D23: Term GPA | F23: =IF(F22=0, "", SUM(G12:G21)/F22) -> 3.72 | J23: Term GPA | L23: =IF(L22=0, "", SUM(M12:M21)/L22) -> 4
B25: Year 2
C27: Term 3 | I27: Term 4
C28: Course | D28: Credits | E28: Grade | F28: Point | G28: Total | I28: Course | J28: Credits | K28: Grade | L28: Point | M28: Total
F29: =IF(E29="", "", VLOOKUP(E29, GradingTable!$A$2:$B$14, 2, FALSE)) | G29: =IF(AND(ISNUMBER(D29),ISNUMBER(F29)),D29*F29,"") | L29: =IF(K29="", "", VLOOKUP(K29, GradingTable!$A$2:$B$14, 2, FALSE)) | M29: =IF(AND(ISNUMBER(J29),ISNUMBER(L29)),J29*L29,"")
F30: =IF(E30="", "", VLOOKUP(E30, GradingTable!$A$2:$B$14, 2, FALSE)) | G30: =IF(AND(ISNUMBER(D30),ISNUMBER(F30)),D30*F30,"") | L30: =IF(K30="", "", VLOOKUP(K30, GradingTable!$A$2:$B$14, 2, FALSE)) | M30: =IF(AND(ISNUMBER(J30),ISNUMBER(L30)),J30*L30,"")
F31: =IF(E31="", "", VLOOKUP(E31, GradingTable!$A$2:$B$14, 2, FALSE)) | G31: =IF(AND(ISNUMBER(D31),ISNUMBER(F31)),D31*F31,"") | L31: =IF(K31="", "", VLOOKUP(K31, GradingTable!$A$2:$B$14, 2, FALSE)) | M31: =IF(AND(ISNUMBER(J31),ISNUMBER(L31)),J31*L31,"") | O31: Year 2 Hours
F32: =IF(E32="", "", VLOOKUP(E32, GradingTable!$A$2:$B$14, 2, FALSE)) | G32: =IF(AND(ISNUMBER(D32),ISNUMBER(F32)),D32*F32,"") | L32: =IF(K32="", "", VLOOKUP(K32, GradingTable!$A$2:$B$14, 2, FALSE)) | M32: =IF(AND(ISNUMBER(J32),ISNUMBER(L32)),J32*L32,"") | O32: =SUM(F39+L39) -> 0
F33: =IF(E33="", "", VLOOKUP(E33, GradingTable!$A$2:$B$14, 2, FALSE)) | G33: =IF(AND(ISNUMBER(D33),ISNUMBER(F33)),D33*F33,"") | L33: =IF(K33="", "", VLOOKUP(K33, GradingTable!$A$2:$B$14, 2, FALSE)) | M33: =IF(AND(ISNUMBER(J33),ISNUMBER(L33)),J33*L33,"")
F34: =IF(E34="", "", VLOOKUP(E34, GradingTable!$A$2:$B$14, 2, FALSE)) | G34: =IF(AND(ISNUMBER(D34),ISNUMBER(F34)),D34*F34,"") | L34: =IF(K34="", "", VLOOKUP(K34, GradingTable!$A$2:$B$14, 2, FALSE)) | M34: =IF(AND(ISNUMBER(J34),ISNUMBER(L34)),J34*L34,"") | O34: Year 2 cGPA
F35: =IF(E35="", "", VLOOKUP(E35, GradingTable!$A$2:$B$14, 2, FALSE)) | G35: =IF(AND(ISNUMBER(D35),ISNUMBER(F35)),D35*F35,"") | L35: =IF(K35="", "", VLOOKUP(K35, GradingTable!$A$2:$B$14, 2, FALSE)) | M35: =IF(AND(ISNUMBER(J35),ISNUMBER(L35)),J35*L35,"") | O35: =IFERROR( (IF(ISNUMBER(F39*F40), F39*F40, 0) + IF(ISNUMBER(L39*L40), L39*L40, 0)) / (IF(ISNUMBER(F39), F39, 0) + IF(ISNUMBER(L39), L39, 0)), 0) -> 0
F36: =IF(E36="", "", VLOOKUP(E36, GradingTable!$A$2:$B$14, 2, FALSE)) | G36: =IF(AND(ISNUMBER(D36),ISNUMBER(F36)),D36*F36,"") | L36: =IF(K36="", "", VLOOKUP(K36, GradingTable!$A$2:$B$14, 2, FALSE)) | M36: =IF(AND(ISNUMBER(J36),ISNUMBER(L36)),J36*L36,"")
F37: =IF(E37="", "", VLOOKUP(E37, GradingTable!$A$2:$B$14, 2, FALSE)) | G37: =IF(AND(ISNUMBER(D37),ISNUMBER(F37)),D37*F37,"") | L37: =IF(K37="", "", VLOOKUP(K37, GradingTable!$A$2:$B$14, 2, FALSE)) | M37: =IF(AND(ISNUMBER(J37),ISNUMBER(L37)),J37*L37,"")
D39: Total Term Hours | F39: =SUM(D29:D38) -> 0 | J39: Total Term Hours | L39: =SUM(J29:J38) -> 0
D40: Term GPA | F40: =IF(F39=0, "", SUM(G29:G38)/F39) | J40: Term GPA | L40: =IF(L39=0, "", SUM(M29:M38)/L39)
B42: Year 3
C44: Term 5 | I44: Term 6
C45: Course | D45: Credits | E45: Grade | F45: Point | G45: Total | I45: Course | J45: Credits | K45: Grade | L45: Point | M45: Total
F46: =IF(E46="", "", VLOOKUP(E46, GradingTable!$A$2:$B$14, 2, FALSE)) | G46: =IF(AND(ISNUMBER(D46),ISNUMBER(F46)),D46*F46,"") | L46: =IF(K46="", "", VLOOKUP(K46, GradingTable!$A$2:$B$14, 2, FALSE)) | M46: =IF(AND(ISNUMBER(J46),ISNUMBER(L46)),J46*L46,"")
F47: =IF(E47="", "", VLOOKUP(E47, GradingTable!$A$2:$B$14, 2, FALSE)) | G47: =IF(AND(ISNUMBER(D47),ISNUMBER(F47)),D47*F47,"") | L47: =IF(K47="", "", VLOOKUP(K47, GradingTable!$A$2:$B$14, 2, FALSE)) | M47: =IF(AND(ISNUMBER(J47),ISNUMBER(L47)),J47*L47,"")
F48: =IF(E48="", "", VLOOKUP(E48, GradingTable!$A$2:$B$14, 2, FALSE)) | G48: =IF(AND(ISNUMBER(D48),ISNUMBER(F48)),D48*F48,"") | L48: =IF(K48="", "", VLOOKUP(K48, GradingTable!$A$2:$B$14, 2, FALSE)) | M48: =IF(AND(ISNUMBER(J48),ISNUMBER(L48)),J48*L48,"") | O48: Year 3 Hours
F49: =IF(E49="", "", VLOOKUP(E49, GradingTable!$A$2:$B$14, 2, FALSE)) | G49: =IF(AND(ISNUMBER(D49),ISNUMBER(F49)),D49*F49,"") | L49: =IF(K49="", "", VLOOKUP(K49, GradingTable!$A$2:$B$14, 2, FALSE)) | M49: =IF(AND(ISNUMBER(J49),ISNUMBER(L49)),J49*L49,"") | O49: =SUM(F56+L56) -> 0
F50: =IF(E50="", "", VLOOKUP(E50, GradingTable!$A$2:$B$14, 2, FALSE)) | G50: =IF(AND(ISNUMBER(D50),ISNUMBER(F50)),D50*F50,"") | L50: =IF(K50="", "", VLOOKUP(K50, GradingTable!$A$2:$B$14, 2, FALSE)) | M50: =IF(AND(ISNUMBER(J50),ISNUMBER(L50)),J50*L50,"")
F51: =IF(E51="", "", VLOOKUP(E51, GradingTable!$A$2:$B$14, 2, FALSE)) | G51: =IF(AND(ISNUMBER(D51),ISNUMBER(F51)),D51*F51,"") | L51: =IF(K51="", "", VLOOKUP(K51, GradingTable!$A$2:$B$14, 2, FALSE)) | M51: =IF(AND(ISNUMBER(J51),ISNUMBER(L51)),J51*L51,"") | O51: Year 3 cGPA
F52: =IF(E52="", "", VLOOKUP(E52, GradingTable!$A$2:$B$14, 2, FALSE)) | G52: =IF(AND(ISNUMBER(D52),ISNUMBER(F52)),D52*F52,"") | L52: =IF(K52="", "", VLOOKUP(K52, GradingTable!$A$2:$B$14, 2, FALSE)) | M52: =IF(AND(ISNUMBER(J52),ISNUMBER(L52)),J52*L52,"") | O52: =IFERROR( (IF(ISNUMBER(F56*F57), F56*F57, 0) + IF(ISNUMBER(L56*L57), L56*L57, 0)) / (IF(ISNUMBER(F56), F56, 0) + IF(ISNUMBER(L56), L56, 0)), 0) -> 0
F53: =IF(E53="", "", VLOOKUP(E53, GradingTable!$A$2:$B$14, 2, FALSE)) | G53: =IF(AND(ISNUMBER(D53),ISNUMBER(F53)),D53*F53,"") | L53: =IF(K53="", "", VLOOKUP(K53, GradingTable!$A$2:$B$14, 2, FALSE)) | M53: =IF(AND(ISNUMBER(J53),ISNUMBER(L53)),J53*L53,"")
F54: =IF(E54="", "", VLOOKUP(E54, GradingTable!$A$2:$B$14, 2, FALSE)) | G54: =IF(AND(ISNUMBER(D54),ISNUMBER(F54)),D54*F54,"") | L54: =IF(K54="", "", VLOOKUP(K54, GradingTable!$A$2:$B$14, 2, FALSE)) | M54: =IF(AND(ISNUMBER(J54),ISNUMBER(L54)),J54*L54,"")
D56: Total Term Hours | F56: =SUM(D46:D55) -> 0 | J56: Total Term Hours | L56: =SUM(J46:J55) -> 0
D57: Term GPA | F57: =IF(F56=0, "", SUM(G46:G55)/F56) | J57: Term GPA | L57: =IF(L56=0, "", SUM(M46:M55)/L56)
B59: Year 4
C61: Term 7 | I61: Term 8
C62: Course | D62: Credits | E62: Grade | F62: Point | G62: Total | I62: Course | J62: Credits | K62: Grade | L62: Point | M62: Total
F63: =IF(E63="", "", VLOOKUP(E63, GradingTable!$A$2:$B$14, 2, FALSE)) | G63: =IF(AND(ISNUMBER(D63),ISNUMBER(F63)),D63*F63,"") | L63: =IF(K63="", "", VLOOKUP(K63, GradingTable!$A$2:$B$14, 2, FALSE)) | M63: =IF(AND(ISNUMBER(J63),ISNUMBER(L63)),J63*L63,"")
F64: =IF(E64="", "", VLOOKUP(E64, GradingTable!$A$2:$B$14, 2, FALSE)) | G64: =IF(AND(ISNUMBER(D64),ISNUMBER(F64)),D64*F64,"") | L64: =IF(K64="", "", VLOOKUP(K64, GradingTable!$A$2:$B$14, 2, FALSE)) | M64: =IF(AND(ISNUMBER(J64),ISNUMBER(L64)),J64*L64,"")
F65: =IF(E65="", "", VLOOKUP(E65, GradingTable!$A$2:$B$14, 2, FALSE)) | G65: =IF(AND(ISNUMBER(D65),ISNUMBER(F65)),D65*F65,"") | L65: =IF(K65="", "", VLOOKUP(K65, GradingTable!$A$2:$B$14, 2, FALSE)) | M65: =IF(AND(ISNUMBER(J65),ISNUMBER(L65)),J65*L65,"") | O65: Year 4 Hours
F66: =IF(E66="", "", VLOOKUP(E66, GradingTable!$A$2:$B$14, 2, FALSE)) | G66: =IF(AND(ISNUMBER(D66),ISNUMBER(F66)),D66*F66,"") | L66: =IF(K66="", "", VLOOKUP(K66, GradingTable!$A$2:$B$14, 2, FALSE)) | M66: =IF(AND(ISNUMBER(J66),ISNUMBER(L66)),J66*L66,"") | O66: =SUM(F73+L73) -> 0
F67: =IF(E67="", "", VLOOKUP(E67, GradingTable!$A$2:$B$14, 2, FALSE)) | G67: =IF(AND(ISNUMBER(D67),ISNUMBER(F67)),D67*F67,"") | L67: =IF(K67="", "", VLOOKUP(K67, GradingTable!$A$2:$B$14, 2, FALSE)) | M67: =IF(AND(ISNUMBER(J67),ISNUMBER(L67)),J67*L67,"")
F68: =IF(E68="", "", VLOOKUP(E68, GradingTable!$A$2:$B$14, 2, FALSE)) | G68: =IF(AND(ISNUMBER(D68),ISNUMBER(F68)),D68*F68,"") | L68: =IF(K68="", "", VLOOKUP(K68, GradingTable!$A$2:$B$14, 2, FALSE)) | M68: =IF(AND(ISNUMBER(J68),ISNUMBER(L68)),J68*L68,"") | O68: Year 4 cGPA
F69: =IF(E69="", "", VLOOKUP(E69, GradingTable!$A$2:$B$14, 2, FALSE)) | G69: =IF(AND(ISNUMBER(D69),ISNUMBER(F69)),D69*F69,"") | L69: =IF(K69="", "", VLOOKUP(K69, GradingTable!$A$2:$B$14, 2, FALSE)) | M69: =IF(AND(ISNUMBER(J69),ISNUMBER(L69)),J69*L69,"") | O69: =IFERROR( (IF(ISNUMBER(F73*F74), F73*F74, 0) + IF(ISNUMBER(L73*L74), L73*L74, 0)) / (IF(ISNUMBER(F73), F73, 0) + IF(ISNUMBER(L73), L73, 0)), 0) -> 0
F70: =IF(E70="", "", VLOOKUP(E70, GradingTable!$A$2:$B$14, 2, FALSE)) | G70: =IF(AND(ISNUMBER(D70),ISNUMBER(F70)),D70*F70,"") | L70: =IF(K70="", "", VLOOKUP(K70, GradingTable!$A$2:$B$14, 2, FALSE)) | M70: =IF(AND(ISNUMBER(J70),ISNUMBER(L70)),J70*L70,"")
F71: =IF(E71="", "", VLOOKUP(E71, GradingTable!$A$2:$B$14, 2, FALSE)) | G71: =IF(AND(ISNUMBER(D71),ISNUMBER(F71)),D71*F71,"") | L71: =IF(K71="", "", VLOOKUP(K71, GradingTable!$A$2:$B$14, 2, FALSE)) | M71: =IF(AND(ISNUMBER(J71),ISNUMBER(L71)),J71*L71,"")
D73: Total Term Hours | F73: =SUM(D63:D72) -> 0 | J73: Total Term Hours | L73: =SUM(J63:J72) -> 0
D74: Term GPA | F74: =IF(F73=0, "", SUM(G63:G72)/F73) | J74: Term GPA | L74: =IF(L73=0, "", SUM(M63:M72)/L73)
B76: Year 5
C78: Term 9 | I78: Term 10
C79: Course | D79: Credits | E79: Grade | F79: Point | G79: Total | I79: Course | J79: Credits | K79: Grade | L79: Point | M79: Total
F80: =IF(E80="", "", VLOOKUP(E80, GradingTable!$A$2:$B$14, 2, FALSE)) | G80: =IF(AND(ISNUMBER(D80),ISNUMBER(F80)),D80*F80,"") | L80: =IF(K80="", "", VLOOKUP(K80, GradingTable!$A$2:$B$14, 2, FALSE)) | M80: =IF(AND(ISNUMBER(J80),ISNUMBER(L80)),J80*L80,"")
F81: =IF(E81="", "", VLOOKUP(E81, GradingTable!$A$2:$B$14, 2, FALSE)) | G81: =IF(AND(ISNUMBER(D81),ISNUMBER(F81)),D81*F81,"") | L81: =IF(K81="", "", VLOOKUP(K81, GradingTable!$A$2:$B$14, 2, FALSE)) | M81: =IF(AND(ISNUMBER(J81),ISNUMBER(L81)),J81*L81,"")
F82: =IF(E82="", "", VLOOKUP(E82, GradingTable!$A$2:$B$14, 2, FALSE)) | G82: =IF(AND(ISNUMBER(D82),ISNUMBER(F82)),D82*F82,"") | L82: =IF(K82="", "", VLOOKUP(K82, GradingTable!$A$2:$B$14, 2, FALSE)) | M82: =IF(AND(ISNUMBER(J82),ISNUMBER(L82)),J82*L82,"") | O82: Year 5 Hours
F83: =IF(E83="", "", VLOOKUP(E83, GradingTable!$A$2:$B$14, 2, FALSE)) | G83: =IF(AND(ISNUMBER(D83),ISNUMBER(F83)),D83*F83,"") | L83: =IF(K83="", "", VLOOKUP(K83, GradingTable!$A$2:$B$14, 2, FALSE)) | M83: =IF(AND(ISNUMBER(J83),ISNUMBER(L83)),J83*L83,"") | O83: =SUM(F90+L90) -> 0
F84: =IF(E84="", "", VLOOKUP(E84, GradingTable!$A$2:$B$14, 2, FALSE)) | G84: =IF(AND(ISNUMBER(D84),ISNUMBER(F84)),D84*F84,"") | L84: =IF(K84="", "", VLOOKUP(K84, GradingTable!$A$2:$B$14, 2, FALSE)) | M84: =IF(AND(ISNUMBER(J84),ISNUMBER(L84)),J84*L84,"")
F85: =IF(E85="", "", VLOOKUP(E85, GradingTable!$A$2:$B$14, 2, FALSE)) | G85: =IF(AND(ISNUMBER(D85),ISNUMBER(F85)),D85*F85,"") | L85: =IF(K85="", "", VLOOKUP(K85, GradingTable!$A$2:$B$14, 2, FALSE)) | M85: =IF(AND(ISNUMBER(J85),ISNUMBER(L85)),J85*L85,"") | O85: Year 5 cGPA
F86: =IF(E86="", "", VLOOKUP(E86, GradingTable!$A$2:$B$14, 2, FALSE)) | G86: =IF(AND(ISNUMBER(D86),ISNUMBER(F86)),D86*F86,"") | L86: =IF(K86="", "", VLOOKUP(K86, GradingTable!$A$2:$B$14, 2, FALSE)) | M86: =IF(AND(ISNUMBER(J86),ISNUMBER(L86)),J86*L86,"") | O86: =IFERROR( (IF(ISNUMBER(F90*F91), F90*F91, 0) + IF(ISNUMBER(L90*L91), L90*L91, 0)) / (IF(ISNUMBER(F90), F90, 0) + IF(ISNUMBER(L90), L90, 0)), 0) -> 0
F87: =IF(E87="", "", VLOOKUP(E87, GradingTable!$A$2:$B$14, 2, FALSE)) | G87: =IF(AND(ISNUMBER(D87),ISNUMBER(F87)),D87*F87,"") | L87: =IF(K87="", "", VLOOKUP(K87, GradingTable!$A$2:$B$14, 2, FALSE)) | M87: =IF(AND(ISNUMBER(J87),ISNUMBER(L87)),J87*L87,"")
F88: =IF(E88="", "", VLOOKUP(E88, GradingTable!$A$2:$B$14, 2, FALSE)) | G88: =IF(AND(ISNUMBER(D88),ISNUMBER(F88)),D88*F88,"") | L88: =IF(K88="", "", VLOOKUP(K88, GradingTable!$A$2:$B$14, 2, FALSE)) | M88: =IF(AND(ISNUMBER(J88),ISNUMBER(L88)),J88*L88,"")
D90: Total Term Hours | F90: =SUM(D80:D89) -> 0 | J90: Total Term Hours | L90: =SUM(J80:J89) -> 0
D91: Term GPA | F91: =IF(F90=0, "", SUM(G80:G89)/F90) | J91: Term GPA | L91: =IF(L90=0, "", SUM(M80:M89)/L90)

Sheet GradingTable
A1: Grade | B1: Point
A2: A+ | B2: 4
A3: A | B3: 4
A4: A- | B4: 3.7
A5: B+ | B5: 3.3
A6: B | B6: 3
A7: B- | B7: 2.7
A8: C+ | B8: 2.3
A9: C | B9: 2
A10: C- | B10: 1.7
A11: D+ | B11: 1.3
A12: D | B12: 1
A13: F | B13: 0
